Title,Date
[挑選] 淘寶韓代購大衣or滅火,2017-12-31T13:50:52.000Z
[心得] 淘寶-多色羊毛貝雷帽,2018-01-01T09:06:49.000Z
[心得] 淘寶合購夯物及G市makmaks大衣分享,2018-01-01T13:30:14.000Z
[心得] 日貨(舊貨)&淘寶走跳日本冬日九天穿搭,2018-01-02T17:05:32.000Z
[問題] 淘寶 掌櫃給錯單號可以更新嗎 怎麼合併轉運,2018-01-03T03:00:02.000Z
[心得] 滿意！淘寶手機殼iPhone X & 6plus,2018-01-03T13:25:39.000Z
[心得] 雙12淘寶終於拿到的開箱,2018-01-03T15:52:39.000Z
[協尋] 淘寶棉T、帽T店家推薦,2018-01-04T00:42:56.000Z
[心得] 淘寶加絨運動褲,2018-01-04T01:15:06.000Z
[問題] 淘寶店舖已經凍結？,2018-01-04T02:33:16.000Z
[問題] 淘寶集運轉運回台,2018-01-04T12:18:20.000Z
[情報] 淘寶 電鑽,2018-01-04T12:48:26.000Z
Re: [問題] 淘寶無主件之處置,2018-01-04T17:21:04.000Z
[心得] 淘寶髒辮,2018-01-05T03:25:45.000Z
[心得] 淘寶雙排扣外套/高高的店毛衣/The Horse,2018-01-05T04:52:05.000Z
[心得] 不只門市好買 Gap童裝在淘寶也淘到手軟,2018-01-05T14:53:35.000Z
[心得] 淘寶 兩件絲絨長裙分享,2018-01-06T08:38:10.000Z
[心得] 淘寶 超逼真假透肉絲襪,2018-01-06T09:10:52.000Z
[抱怨] 淘寶轉運-台灣宅配通一直不派件,2018-01-07T05:17:11.000Z
[協尋] 身高172肩寬42求推薦品牌或淘寶賣家,2018-01-07T08:11:17.000Z
[問題] 淘寶的客服訊息傳送不出去,2018-01-07T12:26:53.000Z
Re: [問題] 淘寶用7-11付費後的退款問題無玉山帳號,2018-01-07T12:54:24.000Z
[心得] 遲來的淘寶兒童小二服,2018-01-08T06:01:28.000Z
[心得] 期末文具小獎品之淘寶大採購,2018-01-08T13:13:24.000Z
[心得] 淘寶/cancan日貨/cococha分享,2018-01-08T19:57:39.000Z
[問題] 淘寶按過一次ATM付款但資料沒存,2018-01-09T18:18:47.000Z
[心得] 淘寶110vLED吸頂燈驅動器,2018-01-10T04:01:41.000Z
[心得] 淘寶HeyGirl黑哥 梅子色毛呢大衣,2018-01-10T10:21:11.000Z
Re: [問題] 淘寶購物問題,2018-01-10T11:59:22.000Z
[閒聊] 淘寶牛皮軍靴會換底嗎,2018-01-11T06:22:45.000Z
[心得] 155哈比淘寶|花栗鼠小姐ＸMISS158小個子,2018-01-11T09:53:56.000Z
[問題] 淘寶優惠退款方式,2018-01-12T05:40:02.000Z
[問題] 淘寶補發後送到集運倉庫去要怎麼辦,2018-01-12T10:26:35.000Z
[問題] 淘寶無法付款結帳（已解決）,2018-01-12T17:12:48.000Z
[問題] 淘寶集運問題 4PX,2018-01-13T04:23:43.000Z
[協尋] 淘寶女鞋協尋 謬樂鞋,2018-01-13T07:21:16.000Z
[問題] 淘寶 支付寶多收取一筆商品的錢？,2018-01-13T09:11:20.000Z
[閒聊] 淘寶集運訂單未付款卻消失了[已解決],2018-01-13T11:50:05.000Z
[挑選] 淘寶秋冬毛呢西裝褲尺寸選擇,2018-01-13T12:35:22.000Z
[問題] 淘寶付費後取消，賣家說沒這筆訂單？,2018-01-13T15:32:02.000Z
[心得] 蝦皮淘寶貨土色穿搭不會吃太多土,2018-01-14T10:23:28.000Z
[心得] 近期淘寶滿意分享,2018-01-14T12:30:36.000Z
[問題] 淘寶羽絨衣 各家品質,2018-01-14T18:25:42.000Z
[問題] 淘寶集運訂單消失,2018-01-15T04:32:51.000Z
[閒聊] 尾牙春節 肉肉女孩穿搭推薦(淘寶 PAZZO),2018-01-15T05:34:31.000Z
[心得] 近期淘寶針織衣及毛呢闊腿褲,2018-01-15T16:47:02.000Z
[挑選] 淘寶床包組挑選,2018-01-16T05:39:10.000Z
[問題] 淘寶無法付款成功,2018-01-16T15:54:28.000Z
[心得] 淘寶過膝靴滿意分享,2018-01-17T03:00:44.000Z
[心得] 淘寶踩腳假透肉黑絲襪簡單分享,2018-01-18T02:48:02.000Z
[問題] 在台外國人可以淘寶嗎？,2018-01-18T06:53:06.000Z
[心得] 淘寶六六羊絨100%羊毛雙面呢大衣,2018-01-18T09:47:50.000Z
[問題] 現在淘寶退款的條件以及要多久？,2018-01-18T15:15:25.000Z
Re: [問題] 在台外國人可以淘寶嗎？,2018-01-19T00:41:35.000Z
[心得] 淘寶小蘇豫小公主紗裙，跟錦衣衛搭母女裙,2018-01-19T15:03:38.000Z
[心得] 淘寶兩件大衣分享,2018-01-20T15:12:35.000Z
[問題] 淘寶 虛假發貨？快遞壓件？,2018-01-20T15:28:47.000Z
[心得] 少少的日本折扣季與淘寶分享,2018-01-21T05:51:41.000Z
[問題] 有沒有推薦使用黑貓宅配的淘寶集貨？,2018-01-21T06:26:19.000Z
[問題] 淘寶官方集運包裹外面價格貼原價合理嗎?,2018-01-21T06:43:16.000Z
[問題] 淘寶退貨請教 (已解決),2018-01-21T10:15:44.000Z
[問題] 淘寶賣家表示無法順豐直寄台灣,2018-01-21T13:58:39.000Z
[心得] 淘寶豆綠色大衣,2018-01-22T02:05:03.000Z
[抱怨] 淘寶四方集運,2018-01-22T03:43:07.000Z
[閒聊] 淘寶app讀取超慢,2018-01-23T10:55:16.000Z
Re: [問題] 請教門檻300rmb的淘寶海運集運,2018-01-23T18:55:34.000Z
[問題] 淘寶國際轉運未顯示待發貨,2018-01-24T07:53:55.000Z
[問題] 淘寶海運沒有單號…,2018-01-25T02:03:18.000Z
[抱怨] 淘寶買行李箱破損被踢皮球,2018-01-25T11:41:15.000Z
[心得] 淘寶刷具/化妝收納/吹風機/懶人支架分享,2018-01-25T18:49:08.000Z
[問題] 在淘寶用玉山WebATM付款是信用卡付款?,2018-01-26T02:52:24.000Z
[心得] 淘寶大衣/高領寬袖毛衣購物分享,2018-01-26T09:43:18.000Z
[問題] 有關淘寶領折價券一問,2018-01-27T08:25:33.000Z
[心得] nano‧universe 牛角大衣/淘寶平底鞋,2018-01-27T10:02:55.000Z
[心得] 2017年冬天淘寶購物清單分享,2018-01-27T12:31:31.000Z
[問題] 淘寶飛利浦刮鬍刀 假貨問題,2018-01-27T16:30:35.000Z
[心得] 必須買!差點包色淘寶小湘家女童仙氣紗裙,2018-01-28T10:27:39.000Z
[問題] 淘寶付款7-11繳費代碼沒出現,2018-01-28T13:09:26.000Z
[心得] 淘寶moodtape透明印章分享,2018-01-29T09:22:18.000Z
[問題] 淘寶官方或私人集貨需身份證是隨機的嗎,2018-01-29T14:38:49.000Z
Fw: [心得] 淘寶兒童防水雪地靴 (含申通+4PX到貨經過),2018-01-29T18:08:55.000Z
[心得] 淘寶小Q家超仙伴娘服,2018-01-30T06:26:15.000Z
[問題] 淘寶手錶官方集貨入倉！求退貨解,2018-01-30T09:32:26.000Z
[閒聊] 更新/淘寶私人集運寄錯包裹到我家,2018-01-30T16:43:11.000Z
[心得] 值得買的淘寶一字繫帶高跟涼鞋,2018-01-31T07:24:08.000Z
[心得] 我的淘寶浴室（上）暖風機/馬桶/浴櫃,2018-01-31T12:27:58.000Z
[心得]淘寶 米色洋裝分享,2018-02-01T09:28:56.000Z
[問題] 近期淘寶官方集運出貨速度,2018-02-01T10:51:21.000Z
[抱怨] 建議淘寶集運勿選4px,2018-02-01T20:53:04.000Z
[問題] 淘寶結帳選轉帳付款 不會顯示帳號,2018-02-02T14:06:47.000Z
[心得] 淘寶連帽針織連衣裙-灰,2018-02-03T06:09:16.000Z
[問題] 非淘寶的網購 也可以用集運嗎?,2018-02-03T08:30:07.000Z
[心得] 過年前幫自己跟狗狗添購淘寶新衣,2018-02-03T13:00:18.000Z
[問題] 淘寶 支付寶 支付密碼 信用卡 (已解決),2018-02-03T13:47:24.000Z
[心得] 淘寶化妝收納盒 刷筒 化妝鏡,2018-02-03T15:21:40.000Z
[問題] 現在下標淘寶，春節前拿得到貨嗎？,2018-02-04T02:00:11.000Z
[抱怨] 淘寶增利集運重量灌水,2018-02-04T07:39:39.000Z
[心得] 淘寶 滿意的羽絨衣分享,2018-02-04T11:23:44.000Z
[心得] 天貓淘寶三家假透膚絲襪心得,2018-02-04T12:28:50.000Z
[問題] 淘寶收到不是我的東西,2018-02-05T02:53:17.000Z
[問題] 淘寶新手購買問題,2018-02-05T11:28:10.000Z
[問題] 淘寶集貨放年假 會有人收貨嗎?,2018-02-05T13:19:27.000Z
[心得] 淘寶合購-高領連衣裙+絲絨百褶(大碼多肉),2018-02-06T04:36:40.000Z
[心得] 我的淘寶浴室（下）,2018-02-06T15:24:03.000Z
[問題] 集運問題（淘寶官方,2018-02-08T07:49:28.000Z
[問題] 淘寶官方集運發票出現未購買的3千多元商品,2018-02-08T08:35:09.000Z
[心得] 過年除夕到初六 淘寶及日貨穿搭,2018-02-09T09:26:57.000Z
[閒聊] 淘寶的退款退了兩年才到XD,2018-02-09T14:05:36.000Z
[問題] 淘寶遲遲未到貨（杰誠）,2018-02-10T03:56:24.000Z
[問題] 淘寶集運還沒上飛機(一路發),2018-02-10T13:11:21.000Z
[心得] 淘寶A7seven/韓貨shin冬季各四件分享,2018-02-11T15:24:48.000Z
[問題] 淘寶官方集運過年前的收件(順豐),2018-02-11T18:07:39.000Z
[心得] 淘寶買水晶,2018-02-12T16:25:25.000Z
[心得] 放火～秋冬淘寶多件剁手分享,2018-02-13T02:24:28.000Z
[問題] 淘寶集運_增利_再加訂,2018-02-13T07:47:52.000Z
[問題] 淘寶年後運送時間,2018-02-13T08:20:57.000Z
[問題] 淘寶評價是確認收貨以後嗎,2018-02-14T06:57:26.000Z
[心得] 淘寶毛衣/孟克鞋/格子西裝外套,2018-02-14T14:08:21.000Z
Re: [問題] 淘寶官方集運過年前的收件(順豐),2018-02-14T23:31:53.000Z
[新年] 猜猜樂+淘寶牛仔褲/IKEA餅乾(已贈出),2018-02-15T14:21:50.000Z
[協尋] 淘寶酒紅色包包,2018-02-15T15:05:31.000Z
[新年] 猜猜樂+淘寶訂製加絨A字長裙(已贈出),2018-02-15T15:26:07.000Z
[問題] 有沒有人在淘寶買過「書」,2018-02-17T18:18:54.000Z
[問題] 關於淘寶的運費？,2018-02-18T10:59:49.000Z
[心得] 淘寶 可拆寵物護脊墊/毛孩過年拜年衣,2018-02-18T15:46:58.000Z
[問題] 淘寶app無法使用,2018-02-20T05:35:10.000Z
[問題] 淘寶官方集運可以不同姓名地址嗎?,2018-02-21T11:37:21.000Z
[問題] 淘寶直寄大陸段失敗,2018-02-21T11:41:11.000Z
[問題] 淘寶物流退款,2018-02-22T07:45:16.000Z
[問題] 淘寶官方直送-運費 疑問,2018-02-22T16:01:42.000Z
[問題] 淘寶付款後訂單被關閉怎麼辦,2018-02-23T10:17:24.000Z
[心得] 下雪也夠暖的淘寶羽絨衣,2018-02-23T15:04:38.000Z
[問題] 有關淘寶物品尺寸過大退貨,2018-02-24T10:24:46.000Z
[問題] 淘寶轉運地址怎麼填,2018-02-25T04:27:06.000Z
[問題] 淘寶多件上班服求生滅火,2018-02-25T18:06:29.000Z
[問題] 淘寶官方集運 超出尺寸？,2018-02-26T05:59:25.000Z
[問題] 淘寶官方物流的超商取貨點,2018-02-26T12:57:24.000Z
[問題] 淘寶預購付款問題,2018-02-27T09:44:19.000Z
[問題] 淘寶 官方運送方式選擇,2018-02-27T16:22:12.000Z
[心得] 淘寶指甲貼紙,2018-02-28T05:51:50.000Z
[問題] 淘寶直送失敗,2018-03-01T14:09:47.000Z
[心得] 淘寶雨靴拖鞋三雙滿意分享,2018-03-01T16:04:16.000Z
[問題] 淘寶直送被拆兩單,2018-03-01T17:47:16.000Z
[問題] 淘寶-在台灣已完成清關但一直未運送,2018-03-02T06:35:39.000Z
[問題] 淘寶購買次數的疑問,2018-03-02T09:42:40.000Z
[心得] 淘寶平價好戴的貝蕾帽 駝色滿意分享,2018-03-07T05:26:21.000Z
[心得] 淘寶 質感超好 保暖雷鋒帽,2018-03-07T09:33:35.000Z
Re: [問題] 淘寶購物，貨在集運倉想退...,2018-03-07T13:47:54.000Z
[問題] 淘寶官方 增利集運限制請教,2018-03-08T08:45:09.000Z
[心得] 淘寶刺繡風服裝四件開箱,2018-03-09T11:12:53.000Z
[問題] 淘寶沒有集運選項？,2018-03-09T16:04:50.000Z
[心得] 欲哭無淚之淘寶巨無霸白板購買心得,2018-03-10T03:53:59.000Z
[問題] 淘寶官方集運問題 (4PX遞四方),2018-03-11T01:42:13.000Z
[問題] 請問淘寶商品跑到代收倉了怎麼辦？,2018-03-12T01:47:51.000Z
[問題] 淘寶 改地址還是送錯,2018-03-12T18:56:32.000Z
[心得] 早春也適合的淘寶連帽針織連衣裙,2018-03-14T03:15:56.000Z
[問題] 淘寶尺寸超出官方集貨倉轉運台灣(已解決),2018-03-14T03:19:59.000Z
[心得] 淘寶居家小物&內褲分享,2018-03-14T10:53:52.000Z
[問題] 淘寶3/10發貨 物流至今沒有動靜,2018-03-14T20:07:39.000Z
[心得] 淘寶手機腳架與LIEQI 031出國自拍不求人,2018-03-17T09:35:04.000Z
[心得] 為了出國買的淘寶 行李袋 小包 綑綁帶,2018-03-18T14:51:38.000Z
[問題] 淘寶 限制購買,2018-03-19T00:35:55.000Z
[心得] 淘寶 A.Cloud超美鎖扣長夾開箱,2018-03-19T09:59:46.000Z
[問題] 淘寶 鑫鑫集運卡在攬收,2018-03-20T10:53:17.000Z
[問題] 淘寶 遞四方 卡在賣家發貨 近十天了,2018-03-20T13:10:09.000Z
[問題] 淘寶申請售後部份退款 紅包,2018-03-21T05:42:37.000Z
[心得] 淘寶 回購多次的有大碼純棉內褲 唯己內衣,2018-03-21T06:40:19.000Z
[問題] 淘寶官方集運問題（增利）,2018-03-21T14:45:36.000Z
[問題] 淘寶退款問題,2018-03-22T08:57:04.000Z
[心得] 淘寶 男友的清新粉紅床包,2018-03-22T10:37:23.000Z
[問題] 淘寶集運的問題(順豐速運),2018-03-23T01:53:09.000Z
[問題]在本板評論淘寶賣家是否有用呢?,2018-03-23T08:17:20.000Z
[問題] 這款淘寶桌燈 是否適用台灣或美國?,2018-03-24T06:13:18.000Z
[問題] 淘寶 支付寶退款問題,2018-03-24T12:03:49.000Z
[問題] 淘寶官方集運,2018-03-24T15:43:25.000Z
[問題] 淘寶退貨請教,2018-03-25T05:38:12.000Z
[問題] 淘寶集貨訂單被關閉無法物款,2018-03-25T10:00:27.000Z
[心得] 淘寶拍照道具-雙面背景紙,2018-03-25T12:25:42.000Z
[問題] 私人淘寶集貨收到不是自己買的物品,2018-03-26T01:57:29.000Z
[心得] 淘寶矽膠摺疊餐盒三件套，輕薄好攜帶,2018-03-27T09:51:01.000Z
[問題] 淘寶賣家未發貨退款,2018-03-28T05:22:59.000Z
[問題] 淘寶賣家分二箱寄,2018-03-28T08:48:54.000Z
[問題] 淘寶直播間打字其他人看不到,2018-03-28T14:55:51.000Z
[心得] 淘寶。中等有愛的土咖色V領長版外套(代PO),2018-03-29T14:04:08.000Z
[心得] Pazzo寬褲背心&淘寶洋裝 度假風穿搭,2018-03-31T04:14:24.000Z
[問題] 請問淘寶買的離子夾台灣可以用嗎?,2018-04-01T15:09:32.000Z
[問題] 這兩天淘寶購買失敗,2018-04-02T02:06:00.000Z
[問題] 淘寶付款出問題?,2018-04-02T09:53:05.000Z
[閒聊] 淘寶的評價還可信嗎？,2018-04-03T02:03:47.000Z
[協尋] 淘寶高腰牛仔短褲,2018-04-04T07:37:52.000Z
[心得] 淘寶一字扣粗跟涼鞋,2018-04-06T05:27:39.000Z
[問題] 淘寶賣家將近一個月不出貨,2018-04-06T07:35:14.000Z
[心得] 最近熱門的連線商品跟淘寶鞋鞋,2018-04-06T08:40:11.000Z
[心得] 淘到欲罷不能的淘寶 辰辰媽童裝,2018-04-06T13:44:20.000Z
[心得] 美琪的秘密 淘寶好穿bralette無鋼圈內衣,2018-04-07T09:57:05.000Z
[問題] 淘寶買按摩椅,2018-04-08T15:49:20.000Z
[問題] 買淘寶誤按確實收貨,2018-04-09T15:27:28.000Z
[問題] 有人在淘寶買過真皮包包嗎？（莫妮芬）,2018-04-10T00:42:54.000Z
[心得] 淘寶悲傷青蛙面紙套 筆記本等小物分享,2018-04-10T07:37:10.000Z
[問題] 淘寶集運超取之收件人,2018-04-11T06:10:56.000Z
[心得] 迎接夏日兩套淘寶分享,2018-04-11T13:39:55.000Z
[協尋] 淘寶男素T（前篇誤刪）,2018-04-12T14:41:36.000Z
[問題] 淘寶交易被關閉 但已付款,2018-04-13T11:52:57.000Z
[問題] 淘寶 課稅問題,2018-04-14T05:39:49.000Z
Re: [問題] 淘寶關稅疑問,2018-04-14T06:47:20.000Z
[挑選] 淘寶郵差包,2018-04-14T14:11:49.000Z
[問題] 淘寶付款異常?,2018-04-15T03:35:50.000Z
[問題] 淘寶賣家發錯快遞商,2018-04-15T07:11:02.000Z
[心得] 第一次淘寶之我還買了小方包（補圖）,2018-04-15T17:55:41.000Z
Re: [問題] 淘寶國際物流查詢,2018-04-16T07:51:02.000Z
[問題] 淘寶增利現在不提供台灣新竹物流單號？,2018-04-16T23:47:35.000Z
[心得] 淘寶-春暖花開穿漢服賞櫻去,2018-04-17T20:47:41.000Z
[問題] 淘寶集運到台灣，但是就此消失了,2018-04-18T02:47:15.000Z
[問題] 關於淘寶集運抉擇(佳得樂、鑫鑫、蝦皮),2018-04-18T09:30:52.000Z
[問題] 買淘寶被課稅後可以抵稅或退稅嗎,2018-04-18T18:03:36.000Z
[心得] 妝點居家餐桌小物分享-淘寶&台拍,2018-04-19T05:17:43.000Z
[協尋] 淘寶一家洋裝店,2018-04-19T15:03:25.000Z
[問題] 淘寶無法刷信用卡?(已解決,2018-04-20T16:55:15.000Z
[問題] 淘寶退貨退款相關問題請益,2018-04-21T10:22:16.000Z
[問題] 淘寶材積費3月調整？,2018-04-21T15:20:35.000Z
[心得] dobe.淘寶草編包,2018-04-21T15:32:51.000Z
[問題] 淘寶一直無法付款 ,2018-04-21T18:55:29.000Z
[問題] 淘寶閑魚 台灣用户能留言私訊嗎？,2018-04-22T15:18:13.000Z
[心得] 淘寶馨幫幫 Rena小舖無雷穿搭分享,2018-04-22T15:30:00.000Z
[問題] 淘寶彌古的衣服質感如何,2018-04-22T15:34:44.000Z
[心得] 第一次的淘寶獻給沙發,2018-04-22T20:17:06.000Z
[閒聊] 淘寶用圓通買寵物用品莫名觸法,2018-04-23T13:00:57.000Z
[心得] 淘寶化妝鏡,2018-04-25T05:09:30.000Z
[心得] 淘寶訂製微波爐置物架,2018-04-26T10:16:14.000Z
[問題] 淘寶物流疑問,2018-04-26T15:38:51.000Z
[問題] 收到淘寶帳戶凍結通知信,2018-04-27T01:22:56.000Z
[閒聊] 淘寶自己異常退件,2018-04-27T12:47:04.000Z
[心得] 201804淘寶購物-小宅女大購物,2018-04-27T23:48:17.000Z
Re: [閒聊] 蝦皮上買到賣家說是從韓國買的淘寶貨,2018-04-28T02:13:51.000Z
[心得] 淘寶上的飄飄裙,2018-04-28T13:24:27.000Z
[心得] 淘寶電動洗刷器,2018-04-28T15:05:37.000Z
[心得] 淘寶 被路人稱讚的連衣裙,2018-04-29T02:41:09.000Z
[問題] 推薦淘寶白牌的掃拖機器人嗎,2018-04-29T15:25:13.000Z
[心得] 終於得到你！淘寶一字涼鞋,2018-04-30T14:02:59.000Z
[問題] 淘寶購買材積偏大一點的物品 推薦集運,2018-05-01T11:24:25.000Z
[心得] 淘寶集運  升鑫港國際貨運,2018-05-02T06:21:49.000Z
[心得] 淘寶一字領蕾絲洋裝+高跟鞋,2018-05-02T12:14:30.000Z
[閒聊] 淘寶app查看物流會畫地圖了,2018-05-03T03:14:42.000Z
[問題] 淘寶超商代碼繳費流程,2018-05-03T12:07:37.000Z
[心得] 日本春季穿搭 淘寶衣服/耳環/包包/帽子,2018-05-03T16:12:58.000Z
[問題] 淘寶集運 增利查不到訂單,2018-05-04T11:57:56.000Z
[心得] 淘寶後交叉鏤空收腰連衣裙分享,2018-05-05T13:54:43.000Z
[問題] 救命啊~淘寶WebATM轉帳失敗,2018-05-04T17:18:39.000Z
[心得] 淘寶訂製數字油畫,2018-05-06T01:47:46.000Z
[問題] 淘寶四方集運倉禁收 運費問題,2018-05-06T07:58:31.000Z
[協尋] 淘寶大尺碼女裝商家,2018-05-07T02:11:46.000Z
[挑選] 會遲到的母親節禮物-淘寶,2018-05-07T11:26:10.000Z
[心得] 淘寶超美小包快速分享,2018-05-08T05:56:41.000Z
[問題] 淘寶上的TOTO免治馬桶座?,2018-05-08T12:33:47.000Z
[心得]  夏天淘寶買了五件結果四件不合分享,2018-05-08T14:30:45.000Z
[問題] 淘寶圓通集運,2018-05-11T10:49:52.000Z
[問題] 淘寶4px四方攬件時間請益,2018-05-12T19:00:30.000Z
[心得] 綠綠亞手鍊兩件/淘寶聚利時、NOASKIN',2018-05-13T08:21:13.000Z
問題-淘寶集運賣家,2018-05-13T13:53:45.000Z
[問題] 淘寶稅金的疑問,2018-05-14T08:47:50.000Z
[問題] 淘寶官方集運拒收(4PX)，賣家重發貨,2018-05-15T06:01:21.000Z
[閒聊] 利用淘寶支付寶反現退款折抵其他店的商品,2018-05-16T08:36:41.000Z
[問題] 淘寶順豐直寄台灣關稅怎麼計算的,2018-05-16T08:44:11.000Z
[問題] 關於運費，求淘寶熟手幫忙,2018-05-17T05:00:47.000Z
[心得] 淘寶 清新文件收納盒,2018-05-17T06:07:45.000Z
[問題] 淘寶商品被快遞收錯重寄問題,2018-05-18T03:35:31.000Z
[問題] Y拍上與淘寶asm風格幾乎一致的賣家,2018-05-19T06:39:42.000Z
[心得] 春神來了之淘寶分享,2018-05-19T17:19:41.000Z
[問題] 淘寶渡假風洋裝推薦賣家,2018-05-20T09:10:49.000Z
[心得] 適合沖繩的兩件洋裝 淘寶分享,2018-05-21T10:27:52.000Z
[問題] 淘寶購買可以寄到大陸飯店代收嗎,2018-05-22T15:07:53.000Z
[心得] 淘寶碎花百褶雪紡裙,2018-05-23T15:16:17.000Z
[問題] 淘寶貨還沒到，不會查台灣貨運編號,2018-05-24T11:10:27.000Z
[問題] 淘寶巧拼退貨問題,2018-05-24T19:14:04.000Z
[心得] 淘寶TANNSHOP印花連身褲/沖繩哈比穿搭,2018-05-25T05:18:15.000Z
[問題] 淘寶買藤球可以運送嗎？,2018-05-26T07:13:17.000Z
[心得] 淘寶 夏季涼爽五分袖針織衫分享,2018-05-26T07:41:52.000Z
[心得] 淘寶 棉麻防水收納籃及收納袋,2018-05-26T16:19:58.000Z
[心得] 淘寶大尺碼連身泳衣/度假草帽,2018-05-27T03:09:46.000Z
[問題] 關於淘寶/天貓議價,2018-05-27T05:15:22.000Z
[心得] 19樣分享YOURZ/淘寶/PAZZO/SHIN/圈/DOBE,2018-05-27T17:34:56.000Z
[問題] 淘寶寄件問題,2018-05-28T14:50:40.000Z
[心得] 推薦淘寶集運旭日陽光國際快遞,2018-05-28T15:55:48.000Z
[問題] 淘寶我用直寄結果還卡在提貨清關,2018-05-29T18:26:53.000Z
[問題] 淘寶真皮尖頭平底鞋的實穿或心得？,2018-05-30T06:54:47.000Z
[心得] 淘寶官方集運增利無主單操作,2018-05-31T05:05:27.000Z
[心得] 淘寶 質感超乎預期的設計感門簾,2018-05-31T14:18:41.000Z
[問題] 淘寶搪瓷鍋？,2018-05-31T17:31:54.000Z
[問題] 淘寶退貨email狂寄？,2018-06-01T03:43:14.000Z
[心得] 淘寶公婆家棉麻高腰短褲,2018-06-01T14:13:06.000Z
[問題] 淘寶集貨-上海金蘭這幾天發貨狀況？,2018-06-02T10:29:07.000Z
[問題] 淘寶申請退款ㄧ直被賣家拒絕,2018-06-02T13:24:40.000Z
[心得] 淘寶訂製化妝桌/床頭櫃/玄關櫃,2018-06-02T17:53:10.000Z
[問題] 淘寶官方直寄一單多包怎麼辦,2018-06-03T11:43:24.000Z
[問題] 淘寶遮光窗簾材質,2018-06-04T15:24:13.000Z
[心得] 淘寶寵物帳篷,2018-06-04T19:54:31.000Z
[問題] 淘寶增加地址,2018-06-06T10:33:34.000Z
[閒聊] 大家的淘寶天貓的貓貓養了幾隻,2018-06-07T09:10:11.000Z
[問題] 有人在淘寶買過魚缸嗎？,2018-06-07T16:17:24.000Z
「詢問」淘寶增利查全家物流進度？,2018-06-08T15:24:56.000Z
[心得] 淘寶小開箱,2018-06-10T03:33:07.000Z
[問題] 淘寶購買塑膠仿真植物,2018-06-11T02:26:47.000Z
[問題] 淘寶沒有任何評價正常嗎？,2018-06-11T04:52:20.000Z
[問題] 請問淘寶退貨物流的幾個問題,2018-06-11T12:23:46.000Z
[問題] 淘寶私人集運地址填寫請益,2018-06-11T14:06:41.000Z
[問題] 淘寶不同賣家會分別結帳還是合併付款,2018-06-12T07:56:06.000Z
[問題] 淘寶首次跨境付款,2018-06-12T10:16:08.000Z
[問題] 淘寶被盜帳號（爬文過）,2018-06-13T05:39:19.000Z
[心得] 淘寶一字跟鞋/厚底羅馬涼鞋/襯衫,2018-06-13T07:24:54.000Z
[問題] 淘寶信用卡付費,2018-06-13T08:32:09.000Z
"[問題] 淘寶拒收 集運,物流,賣家三方踢皮球",2018-06-14T08:59:37.000Z
[心得] 淘寶集運推薦 德玲/雲翔,2018-06-14T10:23:15.000Z
[心得] 淘寶唐之語旗袍,2018-06-14T16:08:34.000Z
[問題] 淘寶的訂單,2018-06-15T07:38:05.000Z
[心得] 拖很久日本東京賞櫻日貨 淘寶穿搭,2018-06-15T10:51:07.000Z
[閒聊] 淘寶618-200紅包使用問題,2018-06-15T17:29:27.000Z
[問題] 淘寶商品直送台灣,2018-06-16T16:36:43.000Z
[閒聊] 淘寶帳戶被盜用,2018-06-17T13:52:23.000Z
[問題] 淘寶寶駕護航集運端午放假？,2018-06-18T06:52:16.000Z
[心得] 淘寶、Dobe、Sam Edelman,2018-06-18T14:23:21.000Z
[閒聊] 自從會淘寶之後,2018-06-19T00:46:10.000Z
[問題] 淘寶直發跟集運哪個便宜呢,2018-06-19T08:16:51.000Z
[問題] 淘寶無法用其它方式付款,2018-06-20T03:38:19.000Z
Queen shop、Lativ兩件快速分享偷渡淘寶,2018-06-20T15:06:58.000Z
[問題] 淘寶小羊皮鉚釘包 官網圖是哪個顏色,2018-06-20T20:02:01.000Z
[心得] 淘寶流蘇徽章厚底涼鞋,2018-06-21T01:49:30.000Z
淘寶集貨付款,2018-06-21T02:23:01.000Z
[心得] 淘寶兩款藤編/草編包,2018-06-21T16:54:33.000Z
[心得] 有點滿意的淘寶露腰洋裝,2018-06-23T05:47:14.000Z
[問題] 淘寶集運內容物不符被海關查到,2018-06-23T08:49:15.000Z
[問題] 06/25淘寶集寄給別人錯貨，但被拆開了,2018-06-23T13:14:58.000Z
Re: [問題] 淘寶集寄給別人錯貨，但被拆開了,2018-06-24T03:57:39.000Z
[協尋] 淘寶衣服胸圍正常的店家,2018-06-24T05:09:43.000Z
[挑選] 淘寶 草編涼鞋尺寸挑選,2018-06-24T08:16:26.000Z
[心得] 反推現在的一路發集運淘寶,2018-06-24T09:24:14.000Z
[心得] 淘寶 夏日新歡小圓竹編包+鏤空上衣,2018-06-25T03:19:01.000Z
[問題] 淘寶轉運站怎麼查詢物品,2018-06-26T08:59:32.000Z
[心得] 淘寶曬刷具好物掛鉤夾,2018-06-26T23:20:04.000Z
[問題] 淘寶7-11取貨門市不見,2018-06-27T06:37:38.000Z
[問題] 淘寶拋貨運送問題,2018-06-27T08:55:55.000Z
[心得] 迎接夏日出遊穿搭 淘寶好貨分享,2018-06-28T05:12:01.000Z
[閒聊] 淘寶賣家發錯貨處理方式,2018-06-28T14:19:53.000Z
[心得] 淘寶TLF百褶裙，便宜好穿不顯胖！,2018-06-29T09:11:49.000Z
[問題]淘寶超商取貨問題,2018-06-30T14:30:16.000Z
[心得]淘寶新手多件分享（內有ES生火露腰洋裝),2018-06-30T20:52:02.000Z
[心得] 淘寶超可愛柴柴貓貓手機殼!,2018-07-01T06:52:12.000Z
Re: [心得] 淘寶集運推薦 德玲/雲翔,2018-07-01T11:45:05.000Z
[心得] 淘寶/queenshop簡單分享,2018-07-02T07:37:00.000Z
[問題] 有人收到淘寶的這個簡訊嗎,2018-07-03T03:57:20.000Z
[心得] 淘寶硅藻土使用心得,2018-07-03T14:44:40.000Z
[問題] 有沒有只看重量的淘寶海運推薦,2018-07-03T17:36:48.000Z
[問題] 淘寶直寄，貨到集運倉一直沒簽收,2018-07-04T02:06:27.000Z
[心得] 淘寶兩款乾溼兩用包,2018-07-04T07:24:20.000Z
[心得] 我家家具全是淘寶&海運心得,2018-07-04T18:10:07.000Z
[問題] 淘寶轉帳匯到交易關閉的訂單?,2018-07-06T15:03:34.000Z
[問題] 淘寶支付國際運費帳號找不到,2018-07-07T03:56:12.000Z
[問題] 淘寶賣家說要退運費,2018-07-08T05:46:08.000Z
[心得] 淘寶SWITCH磨砂保護殼,2018-07-08T10:53:22.000Z
[心得] 淘寶窗簾&地毯滿意分享,2018-07-09T17:12:24.000Z
[問題] 淘寶退款問題,2018-07-12T09:25:33.000Z
[問題] 淘寶超商取貨又說店舖不匹配不給寄,2018-07-12T12:43:01.000Z
[問題] 淘寶賣家打錯單號後集運問題,2018-07-13T23:29:24.000Z
[心得] 淘寶 蔥木的真皮皮夾,2018-07-14T12:16:11.000Z
[問題] 淘寶選直寄變成轉運是哪兒出問題呢?,2018-07-15T03:17:43.000Z
[心得] Vacanza.蝦皮.淘寶三家平價飾品,2018-07-15T11:02:29.000Z
[協尋] 幫忙在淘寶上面找衣服,2018-07-16T08:33:31.000Z
[心得] 淘寶松糕厚底鞋分享,2018-07-16T13:02:59.000Z
[問題] 淘寶購物 包裹貼出商品名稱的困擾,2018-07-16T14:55:25.000Z
[問題] 手機淘寶合併付款(解決),2018-07-16T17:39:57.000Z
Re: [問題] 網拍或淘寶有推薦好穿的窄管褲嗎,2018-07-17T17:26:32.000Z
[問題] 淘寶如何確認收貨？,2018-07-18T12:16:32.000Z
[問題] 淘寶無法合併支付,2018-07-21T04:55:16.000Z
[問題] 求救淘寶的退貨問題,2018-07-21T11:29:01.000Z
[問題] 淘寶大型地毯購物經驗,2018-07-22T09:17:44.000Z
[問題] 請問這個兒童安全門網是淘寶貨嗎？,2018-07-23T14:03:24.000Z
[協尋] 淘寶氣質蝴蝶結雪紡衫,2018-07-24T00:40:35.000Z
[心得] 淘寶小魚家比基尼夏日分享,2018-07-24T01:15:02.000Z
[問題] 淘寶 包裹內含禁運品,2018-07-24T03:39:12.000Z
[閒聊] 買淘寶、阿里巴巴一定要注意包裹重量,2018-07-24T04:30:45.000Z
[閒聊] FB牌賣淘寶貨的手法真是越來越誇張了...,2018-07-24T07:28:50.000Z
[心得] 淘寶 好用的生活用品分享,2018-07-24T12:44:08.000Z
[心得] 淘寶襯衫短裙分享,2018-07-24T15:32:50.000Z
[問題] 淘寶購買看護床（病床）,2018-07-25T03:52:12.000Z
[閒聊] 多少以下淘寶寄錯會認賠呢,2018-07-25T15:35:23.000Z
Re: [閒聊] FB牌賣淘寶貨的手法真是越來越誇張了...,2018-07-25T19:50:49.000Z
[心得] 淘寶 胡楚靚/cherrynanaco 夏季洋裝,2018-07-26T07:05:09.000Z
[問題] 淘寶 賣家寄到集運的問題,2018-07-27T00:10:33.000Z
[問題] 淘寶付款會因為地址而有不同方式嗎？,2018-07-27T07:53:38.000Z
[心得] 用淘寶布置臥室(使用公主海運),2018-07-27T13:26:04.000Z
[問題] 淘寶網無法搜尋商品,2018-07-28T09:12:06.000Z
[協尋] 淘寶像小禮服的泳裝,2018-07-29T09:04:02.000Z
[心得] 淘寶森林掛布想把房間變成森林啊,2018-07-29T15:05:38.000Z
[心得] 穿著淘寶後背露腰洋裝約會去,2018-07-30T06:25:48.000Z
[問題] 淘寶退貨,2018-07-30T13:23:39.000Z
[心得] 淘寶 大胸人穿性感的泳衣,2018-07-30T23:53:22.000Z
[問題] 淘寶讀卡機根本刷不過,2018-07-31T13:24:25.000Z
[心得] 淘寶好看的妹啊短褲+露臍T,2018-07-31T15:24:40.000Z
[問題] 淘寶自動給評有辦法延後嗎？,2018-08-01T02:51:28.000Z
[問題] 淘寶上買兒童玩具電子琴,2018-08-01T08:13:39.000Z
[閒聊]  五花八門的淘寶詳情,2018-08-01T16:09:35.000Z
[協尋] 淘寶ㄧ件居家休閒襯衫,2018-08-02T07:06:26.000Z
[問題] 淘寶積木有方法購買嗎?,2018-08-02T13:32:02.000Z
[問題] 淘寶官方集運和直送的集貨地點,2018-08-02T16:25:48.000Z
[心得]上海江南四日遊之日貨淘寶穿搭分享,2018-08-03T11:44:44.000Z
[心得] 簡單居家小佈置 淘寶 pinkoi,2018-08-03T12:46:54.000Z
[心得] 淘寶 大碼訂製漁夫涼鞋 滿意分享,2018-08-04T11:23:49.000Z
[心得] creema的夢幻水晶耳環+一些可愛淘寶髮飾,2018-08-04T13:33:48.000Z
[問題] 有淘寶用圓通在7/26左右到台灣的版友嗎？,2018-08-06T03:28:41.000Z
[問題] 淘寶集運合併包裹的運費計算問題,2018-08-06T04:07:29.000Z
[問題] 淘寶訂製商品優惠券的使用,2018-08-06T04:20:37.000Z
[問題] 淘寶翻蓋壓克力收納盒的強度如何呢？,2018-08-07T15:54:17.000Z
[問題] 淘寶超商付款後發現賣家改金額,2018-08-08T04:54:56.000Z
[問題] 淘寶集運商疑似將包裹寄丟怎辦?,2018-08-09T12:21:09.000Z
[心得] 還不錯的 厚底涼鞋 (淘寶),2018-08-09T13:17:06.000Z
[問題] 淘寶材積過大，想改集運商順豐,2018-08-10T06:06:09.000Z
[問題] 想請問有沒有知道可以淘寶集運送深圳的集,2018-08-11T02:57:19.000Z
[問題] 淘寶 10月預購 賣家卻已出貨,2018-08-11T05:22:22.000Z
[問題] 淘寶上面買的到queen size的床包組嗎？,2018-08-11T07:41:16.000Z
Re: [問題] 淘寶積木有方法購買嗎?,2018-08-11T22:54:55.000Z
Re: [問題] 如何網購淘寶京東不需要手續費？,2018-08-12T12:22:42.000Z
[問題] 淘寶官方海運集運倉退貨or轉送,2018-08-12T14:03:58.000Z
[挑選] 淘寶的遮光窗簾,2018-08-12T15:26:59.000Z
[問題] 關於淘寶退貨退款…,2018-08-13T01:52:40.000Z
[問題] 淘寶結帳要刷美金,2018-08-13T08:20:29.000Z
[問題] 手機版淘寶用信用卡不能刷人民幣了？,2018-08-13T08:42:00.000Z
[問題] 淘寶寄錯地址,2018-08-14T06:21:40.000Z
Re: [問題] 淘寶積木有方法購買嗎?,2018-08-14T07:34:39.000Z
[心得] 日貨折扣季ingni/MJ/Vis/gw/淘寶可折帽,2018-08-15T16:57:10.000Z
[心得] 淘寶便宜OL穿搭 偷渡多套折扣季日貨裙,2018-08-17T12:25:21.000Z
[心得] 日本折扣季、韓貨、淘寶分享,2018-08-18T01:43:29.000Z
[心得] 本月少量淘寶、台拍穿搭分享,2018-08-18T02:50:04.000Z
[問題] 淘寶退貨快遞問題,2018-08-18T18:51:36.000Z
[心得] 氣質還是阿嬤？～淘寶花葉雪紡襯衫,2018-08-20T00:18:15.000Z
Re: [問題] 手機版淘寶用信用卡不能刷人民幣了？,2018-08-21T19:31:51.000Z
[挑選] 淘寶上班皮鞋挑選,2018-08-22T11:49:06.000Z
[問題] 淘寶退款是不是壞掉了??,2018-08-22T14:55:42.000Z
[閒聊] 同樣商品在淘寶店跟天貓店的選擇,2018-08-23T12:01:56.000Z
[問題] 淘寶官方物流被拒收？,2018-08-24T09:48:05.000Z
[心得] 淘寶旋轉書架,2018-08-24T16:18:41.000Z
[問題] 淘寶購買後沒有物流顯示,2018-08-26T01:02:58.000Z
[問題] 淘寶狀態停在台灣華儲發出,2018-08-26T04:43:45.000Z
[心得] 淘寶大件寵物用品，兒子有傢俱啦！,2018-08-26T14:37:02.000Z
[問題] 淘寶遮光窗簾臭味,2018-08-27T00:28:23.000Z
[問題] 淘寶賣家把我的東西寄丟,2018-08-27T03:36:59.000Z
[心得] 淘寶簡約床組及貓跳台,2018-08-27T11:15:22.000Z
[問題] 淘寶無法確認收貨,2018-08-27T15:37:36.000Z
[問題] 淘寶賣家寄錯商品退回問題,2018-08-28T16:23:37.000Z
[問題] 淘寶該如何退貨？,2018-08-30T10:06:46.000Z
[心得] 新手淘寶官方海運踩雷記,2018-08-30T14:45:14.000Z
[心得] 淘寶喜帖mix紙膠帶與蠟封章,2018-08-30T15:52:13.000Z
[問題] 淘寶推薦的眼罩,2018-09-01T05:53:20.000Z
[問題] 淘寶 增利集運 完全沒貨品 無法付運費,2018-09-01T11:31:15.000Z
[問題] 淘寶無法跨境交易驗證,2018-09-04T05:58:48.000Z
[問題] 淘寶退貨退的很心酸,2018-09-04T08:19:29.000Z
[心得] 解放辦公室久坐肥臀的淘寶站立桌,2018-09-07T10:39:25.000Z
[心得] 淘寶耳環兩家分享,2018-09-08T15:38:12.000Z
[問題] 淘寶合併訂單後改價,2018-09-09T15:55:50.000Z
[問題] 淘寶物流問題,2018-09-10T01:44:05.000Z
[問題] 淘寶選集運卻直接發來台灣？？,2018-09-10T11:39:21.000Z
[協尋] 連淘寶都很稀少的特殊洋裝......,2018-09-11T05:05:33.000Z
[心得] 淘寶垂墜耳環分享,2018-09-12T11:58:02.000Z
[問題] 淘寶訊息傳不出去,2018-09-14T14:00:35.000Z
[問題] 淘寶 付款-只剩下支付寶購物卡,2018-09-17T02:23:53.000Z
[心得] 淘寶孕婦內褲.哺乳内衣.哺乳睡衣,2018-09-17T08:09:18.000Z
[心得] 超好走的淘寶平底珍珠涼鞋,2018-09-17T11:43:31.000Z
[情報] 淘寶天貓進駐LINE購物5%,2018-09-19T03:44:13.000Z
[問題] 淘寶小米旗艦店用VPN也買不了了？,2018-09-20T16:53:47.000Z
[問題] 淘寶物流進度這樣是什麼狀況？,2018-09-21T01:26:35.000Z
[心得] 淘寶秋裝-上班約會好夥伴襯衫+包跟鞋,2018-09-21T11:26:40.000Z
[問題] 淘寶支付寶升級?,2018-09-22T03:27:27.000Z
[問題] 淘寶超取改別間,2018-09-22T11:51:28.000Z
[心得] 淘寶 輕又大的遮陽帽,2018-09-23T08:51:31.000Z
[問題] 淘寶付款選項找不到超商了,2018-09-25T05:17:09.000Z
[問題] 淘寶官方集運寄錯東西招領,2018-09-25T13:38:01.000Z
[心得] 淘寶寵物專用救生衣,2018-09-25T14:06:42.000Z
[協尋] 淘寶傢俱達人,2018-09-28T04:53:03.000Z
"[心得] APC半月包和淘寶仔仔自制,JOJOZ",2018-09-29T09:03:42.000Z
[挑選] 淘寶衝鋒褲,2018-10-01T03:47:53.000Z
[問題] 淘寶集運卡倉庫多久算正常？,2018-10-01T15:07:02.000Z
[心得] 淘寶星星窗簾莫蘭迪色系,2018-10-02T03:59:52.000Z
[問題] 淘寶買大冰箱 有可能嗎?,2018-10-02T07:48:54.000Z
[心得] 淘寶夢幻窗簾偷渡床包,2018-10-02T10:43:51.000Z
[問題] 淘寶促銷,2018-10-03T08:41:22.000Z
[心得] 我的淘寶集運心得(純粹個人使用感),2018-10-03T09:30:22.000Z
[問題] 最近的淘寶圓通,2018-10-03T17:18:07.000Z
[心得] 淘寶 2019朕的一天宮廷風日曆,2018-10-04T04:20:30.000Z
[問題] 請問淘寶賣家讓我先退款後退貨,2018-10-06T02:16:40.000Z
[問題] 請問淘寶這樣是正常的嗎？,2018-10-06T13:49:53.000Z
[心得] 淘寶飾品與三穿扣帶鞋分享,2018-10-07T01:40:34.000Z
[問題] 淘寶不小心選成官方海運還能換嗎,2018-10-08T05:06:56.000Z
[挑選] 矮胖哈比想買淘寶毛衣 求生/滅火or推薦,2018-10-08T14:11:37.000Z
[心得] 矮子的Dobe+淘寶開箱,2018-10-08T14:49:24.000Z
[問題] 淘寶合併結帳付款後有的訂單沒顯示成付款,2018-10-08T17:53:51.000Z
[問題] 買淘寶只能自認倒楣？,2018-10-09T04:37:53.000Z
[問題] 淘寶安娜家的大衣品質,2018-10-09T17:18:04.000Z
[心得] 飯店渡假之親子穿搭/淘寶/ANIREK/earth,2018-10-10T09:00:17.000Z
[問題] 淘寶集運說網卡不能寄台灣……,2018-10-10T11:04:56.000Z
[問題] 淘寶 運達集運 卡在攬收,2018-10-11T06:40:30.000Z
[心得] 淘寶買租屋處大容量鞋櫃（30雙）,2018-10-11T10:11:23.000Z
[問題] 淘寶物流狀態 商家原因,2018-10-11T10:44:48.000Z
[問題] 淘寶無法付帳？,2018-10-11T16:09:43.000Z
[問題] 關於淘寶付款,2018-10-11T16:56:35.000Z
[問題] 淘寶支付失敗依然會請款？,2018-10-12T00:27:27.000Z
[心得] 淘寶真皮小零錢包,2018-10-12T06:44:01.000Z
[問題] 淘寶/最近海關有卡關的狀況嗎?,2018-10-15T02:41:43.000Z
[問題] 淘寶私人集貨東西寄到要發貨又調漲價錢,2018-10-15T03:30:03.000Z
[閒聊] 淘寶內衣推薦,2018-10-15T08:40:45.000Z
[情報] 淘寶/等很久不知道東西在哪的請進~~~~,2018-10-15T14:45:28.000Z
[問題] 淘寶玉山轉帳後訂單被取消,2018-10-16T08:27:20.000Z
[問題] 淘寶的信用卡怎麼移除？(已問客服,2018-10-16T12:43:23.000Z
[問題] 淘寶 台灣地區 海外暫不實行配送,2018-10-17T02:43:33.000Z
[問題] 淘寶刷卡之請款明細,2018-10-17T10:15:22.000Z
[心得] 淘寶素色荷蘭絨窗簾多色系,2018-10-18T05:48:01.000Z
[問題] 淘寶集運問題,2018-10-19T02:48:38.000Z
[協尋] 請推薦我穿搭色彩繽紛的淘寶店家,2018-10-19T07:52:48.000Z
[問題] 淘寶飛鳥和新酒文青襯衫生滅火,2018-10-19T20:28:22.000Z
Re: [情報] 淘寶最高1111元紅包。。,2018-10-20T06:23:18.000Z
[心得] 淘寶真皮小零錢包,2018-10-20T14:06:45.000Z
[問題] 想問一下淘寶的集運問題,2018-10-20T20:13:35.000Z
[心得] 淘寶一些耳環鞋子罩衫簡單分享,2018-10-21T09:46:31.000Z
Re: [情報] 淘寶最高1111元紅包。。,2018-10-21T10:12:42.000Z
[問題] 高金額淘寶關稅問題,2018-10-22T05:20:38.000Z
[心得] 第一次淘寶家具分享,2018-10-22T06:43:35.000Z
[問題] 淘寶關稅問題與原售價,2018-10-23T06:46:11.000Z
[閒聊] 淘寶種菜組隊能量球有人在玩嗎,2018-10-23T09:12:13.000Z
[問題] 請問大家用電腦逛淘寶會常常跑不進去嗎?,2018-10-24T12:42:40.000Z
[問題] 求推薦類似小v家的淘寶賣家,2018-10-25T04:24:11.000Z
[問題] 淘寶上海回 塞住,2018-10-25T07:18:38.000Z
[問題] 淘寶雙11無法預訂只能找其他管道嗎？,2018-10-25T16:27:31.000Z
[問題] 有人搶到淘寶天貓雙11大額優惠券嗎,2018-10-26T01:19:29.000Z
[閒聊] 淘寶雙11紅包種類分享,2018-10-26T08:01:09.000Z
Re: [問題] 淘寶上海回 塞住,2018-10-27T07:06:03.000Z
[心得] 淘寶女裝7件不專業分享,2018-10-27T14:08:09.000Z
[問題] 淘寶十月會員日紅包使用規則,2018-10-28T08:55:35.000Z
[問題] 請問淘寶atm支付異常(已好),2018-10-29T11:25:15.000Z
[閒聊] 淘寶之慘不忍睹的色差,2018-10-29T12:41:05.000Z
[心得] 淘寶六款秋冬新品，通通四百有找!,2018-10-30T03:09:47.000Z
[閒聊] 淘寶高質感定製女裝,2018-10-31T03:23:34.000Z
[問題] 淘寶點歌機官方集運,2018-10-31T08:17:28.000Z
[問題] 淘寶貨運流程問題,2018-10-31T11:32:28.000Z
[心得] 淘寶巫婆裝,2018-10-31T16:46:00.000Z
Re: [情報] 最近淘寶集貨最好不要發上海,2018-10-31T16:53:06.000Z
[心得] 淘寶萌乎女童改良漢服,2018-10-31T19:09:46.000Z
[問題] 淘寶包裹似乎被寄到澳洲去了？,2018-11-01T09:28:50.000Z
[問題] 淘寶官方集運運費計算問題,2018-11-01T23:19:41.000Z
[問題] 淘寶直寄7-11顯示已簽收卻未收到貨,2018-11-02T12:27:33.000Z
[問題] 淘寶 包裹異常 快件破損處理方式,2018-11-02T14:17:10.000Z
[問題] 淘寶 官方直送收貨問題,2018-11-03T12:16:05.000Z
[心得] 淘寶 萬聖節小丑女cosplay ,2018-11-03T13:28:24.000Z
[問題] 淘寶網路擠爆無法付款,2018-11-04T04:36:32.000Z
[問題] 買淘寶關稅問題,2018-11-04T04:54:19.000Z
[閒聊] 淘寶信用卡付款不需要驗證碼了？,2018-11-04T16:15:54.000Z
[心得] 搬新家!淘寶16公斤分享,2018-11-05T07:33:20.000Z
[問題] 淘寶改價錢問題,2018-11-05T10:09:41.000Z
[問題] 淘寶購物 EZ WAY的使用流程,2018-11-05T15:06:06.000Z
[問題] 淘寶付款方式問題,2018-11-05T21:45:46.000Z
[問題] 急求助！淘寶直寄7-11貨物丟失,2018-11-06T04:23:18.000Z
[問題] 淘寶物流卡福州,2018-11-06T08:23:42.000Z
[問題] 淘寶集運付款方式選錯,2018-11-06T14:03:47.000Z
[問題] 請問淘寶集運問題,2018-11-07T04:13:26.000Z
[閒聊] 淘寶app結帳變成台幣,2018-11-08T08:32:15.000Z
[問題] 淘寶退款問題,2018-11-08T13:11:32.000Z
Re: [問題] 淘寶物流卡福州,2018-11-08T14:06:45.000Z
Re: [問題] 淘寶的官方海運集運的天數問題,2018-11-09T09:16:11.000Z
[問題] 淘寶賣家請我取消退款，下次補發？,2018-11-09T11:34:25.000Z
[心得] 淘寶孕婦可哺乳居家服、內搭褲、牛仔褲,2018-11-09T14:39:17.000Z
[情報] 淘寶雙11刷卡免3%手續費(非中國收貨),2018-11-10T07:39:02.000Z
[閒聊] 這次雙11淘寶要衝什麼呢,2018-11-10T09:17:43.000Z
[問題] 淘寶支付方式BUG？,2018-11-10T11:46:16.000Z
[閒聊] 在淘寶看到跟pazzo同款的外套,2018-11-10T12:10:12.000Z
[問題] 淘寶無法用轉帳,2018-11-10T16:20:55.000Z
[問題] 淘寶1111折扣碼可用嗎?,2018-11-10T17:43:47.000Z
[問題] 淘寶無法合併結帳,2018-11-10T19:43:43.000Z
[問題] 淘寶直寄問題/無法提交訂單,2018-11-11T04:30:21.000Z
[問題] 淘寶快遞變集運(新手發問),2018-11-11T04:34:48.000Z
Re: [問題] 淘寶官方集運圓通不接單了嗎?,2018-11-11T06:17:08.000Z
[閒聊] 淘寶折扣碼—境內運費問題,2018-11-11T12:41:22.000Z
[問題] 淘寶無法提交訂單(人數過多),2018-11-11T14:56:33.000Z
[問題] 有人在淘寶買熨斗嗎,2018-11-11T15:36:03.000Z
[問題] 淘寶手機APP結帳國際付款信用卡幣別,2018-11-11T15:49:18.000Z
[問題] 淘寶刷玉山銀：單筆滿額的定義是單品項？,2018-11-11T15:54:18.000Z
[問題] 淘寶包裝破損被拒收,2018-11-12T05:59:14.000Z
Re: [問題] 淘寶到底能不能買乾燥花（更新）,2018-11-12T09:12:59.000Z
[問題] 請問有人有跟淘寶買過木地板及玄關隔柵?,2018-11-12T13:12:47.000Z
[問題] 如何取消淘寶促銷簡訊,2018-11-12T14:29:19.000Z
[問題] 淘寶買品牌服飾用私人集運疑問,2018-11-12T14:59:44.000Z
[問題] 淘寶app直送超商取貨問題,2018-11-12T16:02:23.000Z
[問題] 淘寶未收到貨卻交易成功,2018-11-12T16:45:23.000Z
Re: [問題] Line 購物導購至淘寶下單問題,2018-11-13T00:12:48.000Z
Re: [問題] 淘寶被集運退了怎麼辦,2018-11-13T08:05:30.000Z
[問題] 淘寶 跨境交易認證(已解決),2018-11-13T09:01:49.000Z
[問題] 淘寶官方集運買吉他,2018-11-13T10:11:15.000Z
[問題] 請問淘寶大型家具有推薦的集運嗎？,2018-11-13T18:38:02.000Z
[問題] 淘寶男生窄腳休閒褲推薦,2018-11-13T23:45:30.000Z
[問題] 淘寶帳戶持有人跟收貨人姓名可以不同嗎？,2018-11-14T01:47:50.000Z
[問題] 淘寶不能買情趣用品？,2018-11-14T02:36:59.000Z
[心得] 淘寶豹紋外套/畫家帽/Dresseum同款牛津鞋,2018-11-14T05:03:33.000Z
[問題] 淘寶4999-1111似乎沒被扣到,2018-11-14T07:27:05.000Z
[問題] 淘寶超商代碼付款,2018-11-14T18:37:06.000Z
[問題] 淘寶退差價的方式,2018-11-15T09:32:23.000Z
[問題] 淘寶貨品代收,2018-11-15T13:46:43.000Z
[問題] 淘寶增利集運包裹上的商品價格,2018-11-15T14:51:30.000Z
[心得] 淘寶讓我圓了白雪公主夢,2018-11-16T05:08:18.000Z
[問題] 淘寶賣家無法發貨,2018-11-16T10:20:55.000Z
[閒聊] 淘寶1111被課稅的人多嗎？,2018-11-16T11:06:04.000Z
[問題] 淘寶大陸集運倉收件人跟台灣收件人不同,2018-11-16T14:50:42.000Z
[問題] 淘寶體積太大不能寄到台灣集運卻簽收了,2018-11-16T16:26:18.000Z
[問題] 請問最近淘寶官方海運不收嗎？,2018-11-17T06:57:20.000Z
[心得] 淘寶 秋冬就是要用橘色質感斜背包,2018-11-17T08:09:03.000Z
[問題] 淘寶私人集貨是不是最近都爆量? ,2018-11-17T08:18:15.000Z
[問題] 9/26 LinePoint淘寶10%回饋大家有拿到嗎?,2018-11-17T17:38:29.000Z
[問題] 淘寶集運列表內是空的？,2018-11-18T05:20:34.000Z
[問題] 淘寶物流單號重複填寫,2018-11-18T11:37:35.000Z
Re: [問題] 淘寶直送711是最近才有問題的嗎？,2018-11-19T03:00:10.000Z
Re: [問題] 淘寶南瓜谷寬版羽絨外套...雙十一未發貨,2018-11-19T07:27:16.000Z
[心得] 淘寶秋裝_針織衫&紗裙,2018-11-19T10:22:39.000Z
[問題] 淘寶官方集運貨件有少,2018-11-19T16:13:36.000Z
[問題] 淘寶 想要買玄關格柵木條請推薦集運及店家,2018-11-20T02:45:14.000Z
[問題] 淘寶賣家改物流編號,2018-11-20T06:08:36.000Z
[問題] 淘寶 海關實名認證問題,2018-11-20T07:54:50.000Z
[協尋] 袋鼠鞋-淘寶,2018-11-20T10:44:35.000Z
[問題] 淘寶收到空箱,2018-11-20T15:28:39.000Z
[問題] 淘寶已經付集運費用的問題,2018-11-21T03:45:31.000Z
[問題] 淘寶認證登入,2018-11-22T06:55:13.000Z
[問題] 淘寶最近的line導連首購活動,2018-11-22T03:44:57.000Z
[問題] 淘寶天貓跟京東價格會差很多嗎？,2018-11-22T11:09:28.000Z
[心得] 淘寶之主子們的雙十一(寵物用品),2018-11-22T18:53:27.000Z
[心得] 淘寶聖誕樹掛布 輕鬆打造耶誕氣氛,2018-11-25T06:08:16.000Z
[問題] 淘寶 支付寶 付款問題,2018-11-25T16:31:51.000Z
[問題] 淘寶增利簽收遲遲未上架找得回來嗎？,2018-11-26T06:27:17.000Z
[心得] 被韓貨燒到的毛毛室內拖鞋評比（淘寶）,2018-11-26T13:16:06.000Z
[問題] 淘寶收到了不是自己的貨,2018-11-27T06:45:05.000Z
Re: [問題] Line 購物導購至淘寶下單問題,2018-11-27T07:58:07.000Z
[閒聊] 雙11淘寶天貓出錯率,2018-11-27T14:20:17.000Z
[問題] 淘寶賣家退款成紅包,2018-11-27T16:52:35.000Z
[問題] 淘寶 連身短裙推薦（搭膝上靴）,2018-11-28T09:42:09.000Z
[問題] 淘寶官方海運改空運,2018-11-29T08:17:35.000Z
[問題] 收到淘寶包裹 但跟我買的不一樣,2018-11-30T04:22:15.000Z
[問題] 請推薦淘寶不會掉隱形襪,2018-11-30T07:18:52.000Z
[問題] 淘寶Lite為何不能手動確認收貨？,2018-11-30T15:45:32.000Z
[問題] 淘寶退款問題,2018-12-01T04:31:16.000Z
[問題] 淘寶退貨（貨品在官方集運倉）,2018-12-01T14:55:52.000Z
[協尋] 淘寶軍外套,2018-12-02T03:16:49.000Z
[問題] 淘寶上的定位智能手表,2018-12-03T06:09:55.000Z
[問題] 淘寶安檢未過原因？,2018-12-03T11:08:19.000Z
[心得] 淘寶雙十一戰利品(長短靴),2018-12-04T07:39:06.000Z
[問題] 淘寶雙11集運多一袋包裹（公主）,2018-12-04T13:32:00.000Z
Re: [問題] 1111期間淘寶請款,2018-12-05T13:30:31.000Z
Re: [心得] 淘寶集運推薦 德玲/雲翔,2018-12-05T13:56:35.000Z
[問題] 淘寶玉山轉帳不能付款,2018-12-06T10:59:36.000Z
[心得] 終於把秋裝拿出來穿了 淘寶分享,2018-12-06T14:30:51.000Z
[閒聊] 文長 錢與淚的淘寶售後記錄 ,2018-12-07T10:18:16.000Z
[心得] 淘寶寬鬆毛衣外套,2018-12-08T07:52:16.000Z
[情報] line購物連淘寶新用戶折抵100元,2018-12-09T10:57:20.000Z
[問題] 淘寶無法選擇增利集貨？,2018-12-10T02:30:00.000Z
[問題] 淘寶修改價格需要開通支付寶嗎?,2018-12-10T06:09:10.000Z
[問題] 淘寶購物結帳的詭異問題,2018-12-10T07:57:05.000Z
[心得] 淘寶家具成就達成（含海運心得）,2018-12-10T11:19:43.000Z
[心得] 淘寶女童雪靴超值便宜又好穿rmb 39.9,2018-12-11T04:36:31.000Z
[情報] 淘寶雙12優惠卷-滿500折100折扣代碼,2018-12-11T11:10:34.000Z
[問題] 淘寶的訂單紀錄只剩3個月紀錄嗎,2018-12-11T15:44:33.000Z
[問題] 淘寶買WMF安全嗎？仿冒貨？,2018-12-12T02:23:43.000Z
[挑選] 幾件中價位淘寶男裝帽T外套,2018-12-12T07:56:59.000Z
[問題] 淘寶退款(支付寶),2018-12-12T12:13:02.000Z
[問題] 淘寶 今天支付寶付款方式,2018-12-12T15:39:28.000Z
Re: [閒聊] 買淘寶贈品會不會是豬肉？,2018-12-13T01:49:15.000Z
[問題] 淘寶窗簾訂製注意事項,2018-12-13T08:00:12.000Z
[問題] 淘寶官方海運寄錯了，要找人？,2018-12-13T11:01:50.000Z
[問題] 淘寶台灣直送免運電腦椅,2018-12-14T01:59:01.000Z
[問題] 淘寶黑貓直寄 沒人找得到貨,2018-12-14T15:09:10.000Z
[心得] INGNI格紋裙襪靴與淘寶外套小包,2018-12-15T12:43:22.000Z
[心得] 淘寶赫本風雙排扣100%羊毛大衣,2018-12-16T03:58:34.000Z
[問題] 請問雙12淘寶天貓直營免運送台灣,2018-12-16T09:40:42.000Z
[心得] 淘寶芥末黃襯衫&KOMONO手錶,2018-12-16T10:45:26.000Z
[問題] 有關淘寶的待收貨,2018-12-16T12:36:01.000Z
[問題] 淘寶運費補拍的訂單集運來台灣？,2018-12-17T04:28:39.000Z
[問題] 淘寶百世快遞物流異常,2018-12-17T06:07:08.000Z
Re: [問題] 淘寶百世快遞物流異常,2018-12-18T12:47:52.000Z
[問題] 淘寶8年老鳥第一次無法登入,2018-12-18T18:41:46.000Z
[閒聊] 淘寶雙12物流真快！,2018-12-20T00:28:30.000Z
[閒聊] 淘寶是不是沒有提交訂單了,2018-12-20T03:08:54.000Z
[問題] 淘寶無法結帳,2018-12-20T07:21:52.000Z
[抱怨] 淘寶環球通國際物流集運,2018-12-20T07:48:35.000Z
[閒聊] 淘寶1212增利有人被課稅嗎？,2018-12-21T07:44:16.000Z
[問題] 淘寶雙11透過Line購物下單卻沒收到點數,2018-12-22T04:07:48.000Z
[問題] 這幾天淘寶買東西到台灣會卡好幾天嗎,2018-12-22T06:06:30.000Z
[閒聊] 淘寶掌櫃是不是很怕被消失XD,2018-12-22T11:48:53.000Z
[問題] 淘寶評價上傳圖片很慢,2018-12-23T05:42:22.000Z
[問題] 淘寶順豐官方集運課稅問題,2018-12-23T15:37:47.000Z
[閒聊] 有人也會看淘寶東大門直播嗎,2018-12-24T03:57:21.000Z
[問題] 淘寶烏龍瑕疵品，後續如何處理？,2018-12-24T15:09:52.000Z
[問題] 請問淘寶出貨速度這樣是正常的嗎...？,2018-12-26T01:28:51.000Z
[問題] 淘寶鵝絨外套長短版求生滅火,2018-12-27T03:44:35.000Z
[問題] 淘寶台灣端“融達通”如何查詢,2018-12-27T04:42:56.000Z
[問題] 有人淘寶官方集運重量被降低過嗎？,2018-12-27T06:21:15.000Z
[問題] 淘寶雙12 嘉裡大榮派送速度？,2018-12-28T02:50:39.000Z
[心得] 淘寶第二淘心得多件分享,2018-12-28T08:42:10.000Z
[問題] 請問最近淘寶集貨的行情?,2018-12-30T06:15:56.000Z
[心得] 淘寶多件從夏到冬分享,2018-12-31T12:33:09.000Z
[問題] 淘寶玉山網銀轉帳,2019-01-01T07:07:41.000Z
[問題] 淘寶瑕疵物品賣家退部分金額,2019-01-02T06:45:03.000Z
[心得] 淘寶8款韓系耳環不囉嗦試戴分享,2019-01-02T15:18:35.000Z
[問題] 淘寶沒有收到貨卻顯示已簽收,2019-01-03T05:07:34.000Z
[心得] 淘寶客廳燈具燈,2019-01-03T09:01:09.000Z
[問題] 淘寶下標可以直接設定成支付寶付款？,2019-01-04T00:11:40.000Z
[問題] (淘寶)無法運送至該國家或地區,2019-01-04T13:32:16.000Z
[閒聊] 淘寶評價寫100字以上有什麼好處,2019-01-05T14:39:31.000Z
[問題] 淘寶調光簾/斑馬簾布料厚薄挺度？,2019-01-06T09:10:02.000Z
Re: [心得] 新手淘寶官方海運踩雷記,2019-01-06T11:13:24.000Z
[問題] 淘寶品質問題，不退款也不協商任何回應,2019-01-06T16:38:58.000Z
[問題] 淘寶萬象物流疑問,2019-01-07T13:29:56.000Z
[問題] 淘寶賣家不願發玻璃瓶,2019-01-08T03:07:01.000Z
Re: [問題] (淘寶)無法運送至該國家或地區,2019-01-08T16:53:20.000Z
[問題] 淘寶賣家說增利集運破壞了他的商品,2019-01-09T05:00:52.000Z
[閒聊] 淘寶不能手機下單金融卡付款,2019-01-09T13:09:31.000Z
[問題] 淘寶退款問題,2019-01-10T06:31:28.000Z
[問題] 淘寶物流動態停滯許久未更新,2019-01-12T09:28:48.000Z
[問題] 才剛註冊淘寶就被限制買家行為,2019-01-12T13:59:47.000Z
[問題] 淘寶LINE購物5%回饋,2019-01-13T00:54:16.000Z
[問題] 淘寶買官方crocs,2019-01-13T05:27:19.000Z
[心得] 淘寶雙12採買：襪靴/針織連身裙/毛尼帽,2019-01-13T12:30:07.000Z
[問題] 請問有關淘寶的退款問題?,2019-01-14T04:20:19.000Z
[抱怨] 淘寶集運 運達國際貨運 疑似遺失貨,2019-01-14T17:03:13.000Z
[心得] 淘寶 格紋毛呢西外套裝,2019-01-15T09:20:02.000Z
[問題] 淘寶貨運到台灣怎麼查物流？,2019-01-15T12:48:44.000Z
[問題] 淘寶信用卡及地址設定的問題,2019-01-16T01:29:08.000Z
[問題] 請問淘寶購物的旺信紅包,2019-01-16T09:37:40.000Z
[心得] lovfee毛衣 淘寶短大衣 露比午茶紗裙,2019-01-16T17:48:11.000Z
[心得] 淘寶雙十二分享,2019-01-17T03:17:36.000Z
[心得] 淘寶 過年就是要穿紅的 外套兩件裙一件分享,2019-01-18T09:23:51.000Z
[心得] 淘寶OL風過膝裙 真心推薦分享,2019-01-19T11:06:31.000Z
[心得] 淘寶雙11/雙12分享,2019-01-20T08:37:13.000Z
"[心得] lovfee,queenshop 淘寶假髮分享",2019-01-20T11:38:03.000Z
[心得] 秋冬購物 Dresseum/Mango/淘寶等,2019-01-20T15:19:15.000Z
[心得] 淘寶可愛短版羊羔毛外套隨意分享,2019-01-22T01:07:05.000Z
[問題] 淘寶發錯貨要怎麼補發（代po),2019-01-22T14:14:01.000Z
[心得] 遛狗遛小孩穿搭：淘寶毛衣+Amissa紗裙,2019-01-22T14:20:34.000Z
[挑選] 淘寶隱形眼鏡清洗器,2019-01-24T04:31:43.000Z
[心得] 淘寶真空收納袋，收納體積還是很大阿？,2019-01-25T07:56:04.000Z
[問題] 我的淘寶→已買到的寶貝，資料全不見,2019-01-26T06:00:27.000Z
[心得] 淘寶2彈隨意分享,2019-01-26T07:56:40.000Z
[問題] 淘寶官方直送會自動選4px？,2019-01-27T13:12:10.000Z
[問題] 淘寶集運到貨短少，該怎麼處理呢？,2019-01-28T12:31:56.000Z
[心得] 淘寶居家裝飾壁貼與世界地圖,2019-01-28T14:27:35.000Z
[問題] 淘寶官方直送却收不到貨,2019-01-29T05:42:23.000Z
[心得] 淘寶兩件秋冬上衣&格紋長裙,2019-01-29T07:35:33.000Z
[心得] 胖子救星淘寶直筒牛仔褲&LISA家A字裙寬褲,2019-01-30T09:50:46.000Z
[閒聊] 淘寶官方集運4px遞四方的包裝,2019-01-30T15:50:41.000Z
[問題] 淘寶 深圳的私人集運 1月下旬的運送速度,2019-01-31T06:04:03.000Z
[心得] 淘寶森女部落洋裝&INGN吊帶裙分享,2019-02-02T08:11:15.000Z
[心得] 小哈比的大衣-淘寶多件,2019-02-02T15:31:52.000Z
[問題] 有人在淘寶買吊扇跟燈的嬤??,2019-02-04T13:29:52.000Z
[心得] Olivia Burton金屬錶與淘寶手錶收納盒,2019-02-05T06:11:44.000Z
[問題] 淘寶韓系男裝推薦店家,2019-02-06T03:10:33.000Z
[心得] 淘寶紗裙毛衣分享,2019-02-09T02:04:40.000Z
[心得] KIKI日貨GRL紗裙.淘寶條文連帽針織衫,2019-02-09T04:51:37.000Z
[挑選] 淘寶蔥木小方包,2019-02-09T12:13:52.000Z
[問題] 淘寶付款失敗,2019-02-12T02:22:53.000Z
[問題] 淘寶這樣下單是能直送台灣嗎,2019-02-12T04:19:18.000Z
[閒聊] 淘寶增利物流弄丟商品菜鳥客服,2019-02-12T07:15:21.000Z
[問題] 淘寶集貨掉貨的賠款流程,2019-02-13T05:55:09.000Z
[問題] 淘寶賣家地點跟運送速度,2019-02-13T06:37:59.000Z
[問題] 淘寶傢俱運送問題,2019-02-13T09:07:22.000Z
[問題] 淘寶貨物不知道現在在哪,2019-02-14T03:56:17.000Z
[心得] 淘寶韓國代購復古墨綠色長洋裝,2019-02-14T14:37:14.000Z
[情報] 淘寶超商取貨有萊爾富了,2019-02-15T07:20:55.000Z
[問題] 關於淘寶買東西之關稅的問題,2019-02-15T14:20:06.000Z
[心得] 淘寶家具+海運分享,2019-02-16T07:31:19.000Z
[問題] 淘寶關稅問題,2019-02-17T08:48:35.000Z
[問題] 淘寶買72x35x105cm用官方集運需加費用嗎,2019-02-17T11:50:54.000Z
[心得] 淘寶花童禮服分享,2019-02-17T16:54:52.000Z
[心得] 淘寶 很好搭的黑色帥氣皮衣,2019-02-18T09:30:31.000Z
[問題] 淘寶海運從過年前到現在還沒有收到,2019-02-18T10:52:05.000Z
[問題] 淘寶退款,2019-02-18T12:47:20.000Z
[問題] 淘寶集運被拒收該如何處理？,2019-02-19T04:59:05.000Z
[心得] 淘寶女童衣服分享,2019-02-19T14:36:40.000Z
[問題] 淘寶如何退合併付款的訂單款項,2019-02-20T14:02:55.000Z
[問題] 淘寶年前的貨大家收到了嗎？,2019-02-21T02:15:09.000Z
[問題] 淘寶官方空運無法選擇超商取貨,2019-02-22T03:23:04.000Z
[問題] 淘寶官方物流直送,2019-02-23T03:33:43.000Z
[問題] 淘寶lite-訂金尾款分開付(郵局visa),2019-02-25T03:27:50.000Z
[問題] 淘寶官方空運簽收未入庫,2019-02-25T03:45:08.000Z
[心得] Julius手錶/淘寶高跟鞋/brunii高跟鞋,2019-02-25T10:32:49.000Z
[問題] 淘寶13天了一直顯示運輸中,2019-02-25T11:52:17.000Z
[問題] 淘寶顯示在自提點被簽收了！？,2019-02-26T02:55:39.000Z
[問題] 淘寶 物流中心顯示驗貨失敗,2019-02-26T06:07:26.000Z
[問題] 現在淘寶一定要支付寶注冊嗎？,2019-02-28T10:10:03.000Z
[問題] 淘寶違禁品（四方）,2019-02-28T11:40:00.000Z
[心得] 肉肉女孩海島之旅的淘寶洋裝比基尼,2019-02-28T12:09:26.000Z
[問題] 淘寶集運漏寄,2019-02-28T17:09:14.000Z
[問題] 2.5吋硬碟可以淘寶直送嗎？,2019-02-28T23:45:18.000Z
[問題] 淘寶缺件卻先發貨，官方集運如何拒收包裹,2019-03-02T03:46:02.000Z
[問題] 淘寶增利官方物流卡件,2019-03-03T02:05:25.000Z
[心得] 淘寶超高品質耳環+襯衫+健身褲分享,2019-03-03T04:34:19.000Z
[問題] 淘寶退款和支付寶問題,2019-03-04T04:57:29.000Z
[閒聊] airspace的淘寶「類似款」設計+官方回應,2019-03-04T15:38:13.000Z
[閒聊] 登入淘寶時 筆電自拍鏡頭自動開啟,2019-03-05T04:17:50.000Z
[問題] 請問淘寶已經到集運倉怎麼轉運呢？,2019-03-05T11:37:26.000Z
[心得] 淘寶平底鞋及小白鞋開箱,2019-03-05T16:22:14.000Z
[問題] 淘寶退貨物流 郵政e小包,2019-03-06T06:47:13.000Z
[問題] 淘寶退貨退款,2019-03-07T14:53:03.000Z
[問題] 淘寶禁運品,2019-03-08T07:41:49.000Z
[心得] 淘寶帥氣中筒雪地靴，防水保暖撐過雪地,2019-03-08T14:39:10.000Z
[問題] 淘寶買對岸皮夾,2019-03-09T03:40:11.000Z
[心得] 夢想中的淘寶小個子定製紗裙-玫瑰粉,2019-03-09T04:54:04.000Z
[心得] 秋冬戰利品分享Uniqlo/Meier.q/韓貨/淘寶,2019-03-09T14:17:39.000Z
[問題] 淘寶集貨-暢通台灣專線,2019-03-09T19:37:04.000Z
[問題] 淘寶這幾天 有沒有人有訂單錯誤呢,2019-03-10T19:02:46.000Z
[心得] 淘寶一字領50%羊毛麻花短版毛衣,2019-03-11T14:48:39.000Z
[問題] 淘寶官方直送 華儲領包裹？,2019-03-12T08:38:17.000Z
[問題] 淘寶部分退款後的訂單總額不變,2019-03-12T12:13:26.000Z
[問題] 最近淘寶無法連線？,2019-03-14T00:36:26.000Z
[心得] 淘寶買不銹鋼水槽篇,2019-03-14T05:26:38.000Z
[問題] 淘寶集運疑問請教,2019-03-14T12:53:00.000Z
[問題] 電腦逛淘寶一直出現這個訊息,2019-03-17T00:52:40.000Z
[問題] 淘寶超取改宅配,2019-03-17T15:21:07.000Z
[問題] 淘寶天貓全球官方店 的 Yeelight吸頂燈,2019-03-18T02:14:22.000Z
[問題] 大家有在淘寶上買過韓國的代購嗎？,2019-03-18T08:02:08.000Z
[問題] 中信visa卡淘寶刷退時間,2019-03-19T04:56:26.000Z
[問題] 淘寶包裹沒收到怎麼辦,2019-03-19T05:20:35.000Z
[心得] 淘寶 衣櫃收納 分享,2019-03-19T08:29:57.000Z
Re: [問題] 淘寶天貓全球官方店 的 Yeelight吸頂燈,2019-03-20T04:47:42.000Z
[心得] 淘寶裝飾我的家-衛浴篇,2019-03-20T05:08:40.000Z
[問題] 淘寶合併運費已經付款了可以取消嗎?,2019-03-20T07:49:33.000Z
[心得] 第一次在淘寶買假髮,2019-03-20T14:06:31.000Z
[心得] 淘寶夢幻好搭好仙的三層紗裙，美到包色XD,2019-03-21T11:21:23.000Z
[心得] 一身淘寶 Back To 90'S,2019-03-22T11:23:20.000Z
[問題] 淘寶金融卡付款失敗(最近有使用金融卡付款的請進),2019-03-23T14:29:11.000Z
[心得] 夏天的顯瘦洋裝（淘寶多件分享,2019-03-23T16:33:04.000Z
[問題] 淘寶退貨運費支付問題,2019-03-29T14:55:49.000Z
[閒聊] 淘寶天貓家裝節,2019-03-26T00:28:26.000Z
[問題] 淘寶3%減免手續費無法使用,2019-03-28T00:48:18.000Z
[問題] 淘寶店家發錯貨(或與照片不符)怎麼辦?,2019-03-29T06:10:32.000Z
[問題] 淘寶未發貨退款問題,2019-03-29T18:28:28.000Z
